country,operating_system,resource_class,resource_name,vcpus,ram,price_per_hour,price_per_month,price_per_spot,currency,is_gpu,is_spot,resource,resource_type,region,flavor_id,gpu_description,is_public,price_per_half_year,price_per_year
usa,windows,a100,W.N.A100.96,16,96,224.66,102500,157.262,INR,1,0,instances,gpu,atlanta,00cc2a6e-80b3-4277-b6da-f825dcc4d111,1x A100-80GB,1,615000.0,1230000.0
usa,windows,a100,W.N.A100.128,16,128,182.5821918,115900,127.8076,INR,1,0,instances,gpu,atlanta,c6867349-8152-4176-98b1-90f2a54fdc58,1x A100,1,695400.0,1390800.0
usa,windows,a100,W.N.A100.192,32,192,449.32,205000,314.524,INR,1,0,instances,gpu,atlanta,,2x A100-80GB,1,1230000.0,2460000.0
usa,windows,a30,W.N.A30.32,8,32,71.59931507,45450,23.6278,INR,1,1,instances,gpu,atlanta,b0b0a1ef-ac7b-4da9-8270-6a638afe3d1a,1x A30,1,272700.0,545400.0
usa,windows,a30,W.N.A30.64,16,64,143.1986301,90900,47.2556,INR,1,1,instances,gpu,atlanta,39e2d9fd-8d6d-462f-8856-fa4524276dfe,2x A30,1,545400.0,1090800.0
usa,windows,a2,W.N.A2.16,8,16,21.06,12300,4.212,INR,1,1,instances,gpu,atlanta,2b29f5ec-cd07-4364-8dcc-10dfff0f2ee5,1x A2-16GB,1,73800.0,147600.0
usa,windows,a2,W.N.A2.32,8,32,26.30821918,16700,5.2617,INR,1,1,instances,gpu,atlanta,5571af2d-bf14-437a-aba2-a7f29ea78127,1x A2,1,100200.0,200400.0
usa,windows,rtx a6000,W.N.RTXA6000.64,16,64,79.20034247,50275,79.2004,INR,1,0,instances,gpu,atlanta,,1x RTX A6000,1,301650.0,603300.0
usa,windows,rtx a6000,W.N.RTXA6000.128,24,128,86.80136986,55100,86.8014,INR,1,0,instances,gpu,atlanta,,1x RTX A6000,1,330600.0,661200.0
usa,windows,rtx a6000,W.N.RTXA6000.192,32,192,168.2465753,106800,168.2466,INR,1,0,instances,gpu,atlanta,,2x RTX A6000,1,640800.0,1281600.0
usa,windows,rtxada,W.N.RTX6000ADA.64,8,64,141.53,73800,141.53,INR,1,0,instances,gpu,atlanta,,1x RTX6000 Ada - 48GB,1,442800.0,885600.0
usa,windows,rtxada,W.N.RTX6000ADA.128,16,128,157.26,82000,157.26,INR,1,0,instances,gpu,atlanta,,1x RTX6000 Ada - 48GB,1,492000.0,984000.0
usa,windows,rtx8000,W.N.RTX8000.128,16,128,102.22,53300,30.666,INR,1,1,instances,gpu,atlanta,,1x RTX8000 - 48 GB,1,319800.0,639600.0
usa,windows,rtx8000,W.N.RTX8000.256,32,256,204.44,106600,61.332,INR,1,1,instances,gpu,atlanta,,2x RTX8000 - 48 GB,1,639600.0,1279200.0
usa,windows,rtx8000,W.N.RTX8000.512,64,512,408.88,213200,122.664,INR,1,1,instances,gpu,atlanta,,4x RTX8000 - 48 GB,1,1279200.0,2558400.0
usa,windows,rtx4090,W.N.RTX4090.32,4,32,55.04,28700,55.04,INR,1,0,instances,gpu,atlanta,,1x RTX4090 - 24GB,1,172200.0,344400.0
usa,windows,l4,W.N.L4.16,4,16,51.11,26650,51.11,INR,1,0,instances,gpu,atlanta,,1x L4 - 24 GB,1,159900.0,319800.0
usa,windows,l4,W.N.L4.64,16,64,59.50856164,37775,59.5086,INR,1,0,instances,gpu,atlanta,,1x L4,1,226650.0,453300.0
usa,windows,l4,W.N.L4.96,24,96,112.4006849,71350,112.4007,INR,1,0,instances,gpu,atlanta,,2x L4,1,428100.0,856200.0
usa,windows,l4,W.N.L4.128,32,128,119.0171233,75550,119.0172,INR,1,0,instances,gpu,atlanta,,2x L4,1,453300.0,906600.0
usa,windows,l40s,W.N.L40S.48,16,48,219.04,106600,219.04,INR,1,0,instances,gpu,atlanta,,1x L40s - 48 GB,1,639600.0,1279200.0
usa,windows,l40s,W.N.L40S.96,32,96,438.08,213200,438.08,INR,1,0,instances,gpu,atlanta,,2x L40s - 48 GB,1,1279200.0,2558400.0
usa,windows,l40s,W.N.L40S.192,24,192,176.3989726,111975,176.399,INR,1,0,instances,gpu,atlanta,,2x L40s,1,671850.0,1343700.0
usa,linux,a100,N.A100.96,16,96,215.67,98400,150.969,INR,1,0,instances,gpu,atlanta,69f5672d-c55a-481f-a46c-224c624ad6cf,,1,590400.0,1180800.0
usa,linux,a100,N.A100.128,16,128,177.2260274,112500,124.0583,INR,1,0,instances,gpu,atlanta,a6812bd1-b32c-4c94-aaa5-071c826db7c5,1x A100,1,675000.0,1350000.0
usa,linux,a100,N.A100.192,32,192,431.34,196800,301.938,INR,1,0,instances,gpu,atlanta,,,1,1180800.0,2361600.0
usa,linux,a30,N.A30.32,8,32,68.92123288,43750,22.7441,INR,1,1,instances,gpu,atlanta,ef786937-4a70-494b-bb98-bbba7d02e071,1x A30,1,262500.0,525000.0
usa,linux,a30,N.A30.64,16,64,137.8424658,87500,45.4881,INR,1,1,instances,gpu,atlanta,ec640679-8d51-4457-a1c0-e0dd921f7961,2x A30,1,525000.0,1050000.0
usa,linux,a2,N.A2.16,8,16,18.25,10660,3.65,INR,1,1,instances,gpu,atlanta,0698f124-f730-4783-ab54-ec5cbec12194,,1,63960.0,127920.0
usa,linux,a2,N.A2.32,8,32,23.63013699,15000,4.7261,INR,1,1,instances,gpu,atlanta,8a9d61d8-48b0-42a9-83b7-516467ca49dc,1x A2,1,90000.0,180000.0
usa,linux,rtx a6000,N.RTXA6000.64,16,64,73.84417808,46875,73.8442,INR,1,0,instances,gpu,atlanta,,1x RTX A6000,1,281250.0,562500.0
usa,linux,rtx a6000,N.RTXA6000.128,24,128,78.76712329,50000,78.7672,INR,1,0,instances,gpu,atlanta,,1x RTX A6000,1,300000.0,600000.0
usa,linux,rtx a6000,N.RTXA6000.192,32,192,157.5342466,100000,157.5343,INR,1,0,instances,gpu,atlanta,,2x RTX A6000,1,600000.0,1200000.0
usa,linux,rtxada,N.RTX6000ADA.64,8,64,133.67,69700,133.67,INR,1,0,instances,gpu,atlanta,,,1,418200.0,836400.0
usa,linux,rtxada,N.RTX6000ADA.128,16,128,149.4,77900,149.4,INR,1,0,instances,gpu,atlanta,,,1,467400.0,934800.0
usa,linux,rtx8000,N.RTX8000.128,16,128,94.36,49200,28.308,INR,1,1,instances,gpu,atlanta,,,1,295200.0,590400.0
usa,linux,rtx8000,N.RTX8000.256,32,256,188.71,98400,56.613,INR,1,1,instances,gpu,atlanta,,,1,590400.0,1180800.0
usa,linux,rtx8000,N.RTX8000.512,64,512,377.42,196800,113.226,INR,1,1,instances,gpu,atlanta,,,1,1180800.0,2361600.0
usa,linux,rtx4090,N.RTX4090.32,4,32,50.32,26240,50.32,INR,1,0,instances,gpu,atlanta,,,1,157440.0,314880.0
usa,linux,l4,N.L4.16,4,16,47.18,24600,47.18,INR,1,0,instances,gpu,atlanta,,,1,147600.0,295200.0
usa,linux,l4,N.L4.64,16,64,54.15239726,34375,54.1524,INR,1,0,instances,gpu,atlanta,,1x L4,1,206250.0,412500.0
usa,linux,l4,N.L4.96,24,96,104.3664384,66250,104.3665,INR,1,0,instances,gpu,atlanta,,2x L4,1,397500.0,795000.0
usa,linux,l4,N.L4.128,32,128,108.3047945,68750,108.3048,INR,1,0,instances,gpu,atlanta,,2x L4,1,412500.0,825000.0
usa,linux,l40s,N.L40S.48,16,48,210.62,102500,210.62,INR,1,0,instances,gpu,atlanta,,,1,615000.0,1230000.0
usa,linux,l40s,N.L40S.96,32,96,421.23,205000,421.23,INR,1,0,instances,gpu,atlanta,,,1,1230000.0,2460000.0
usa,linux,l40s,N.L40S.192,24,192,168.364726,106875,168.3648,INR,1,0,instances,gpu,atlanta,,2x L40s,1,641250.0,1282500.0
usa,linux,a2,N.A2.32,8,32,0.347502015,220.5882353,0.0696,USD,1,1,instances,gpu,atlanta,8a9d61d8-48b0-42a9-83b7-516467ca49dc,1x A2,1,1323.53,2647.06
usa,linux,a2,N.A2.64,16,64,0.695004029,441.1764706,0.1391,USD,1,1,instances,gpu,atlanta,,2x A2,1,2647.06,5294.12
usa,linux,a30,N.A30.48,12,48,1.042506044,661.7647059,0.3441,USD,1,1,instances,gpu,atlanta,,1x A30,1,3970.59,7941.18
usa,linux,a30,N.A30.96,24,96,2.085012087,1323.529412,0.6881,USD,1,1,instances,gpu,atlanta,,2x A30,1,7941.18,15882.35
usa,linux,a100,N.A100.128,16,128,2.606265109,1654.411765,1.8244,USD,1,0,instances,gpu,atlanta,a6812bd1-b32c-4c94-aaa5-071c826db7c5,1x A100,1,9926.47,19852.94
usa,linux,a100,N.A100.256,32,256,5.212530218,3308.823529,3.6488,USD,1,0,instances,gpu,atlanta,,2x A100,1,19852.94,39705.88
usa,linux,a100,N.A100.512,64,512,10.42506044,6617.647059,7.2976,USD,1,0,instances,gpu,atlanta,,4x A100,1,39705.88,79411.76
usa,linux,rtx a6000,N.RTXA6000.64,16,64,1.085943795,689.3382353,1.086,USD,1,0,instances,gpu,atlanta,,1x RTX A6000,1,4136.03,8272.06
usa,linux,rtx a6000 ,N.RTXA6000.128,24,128,0.93,588.24,0.93,USD,1,0,instances,gpu,atlanta,,1x RTX A6000 ,1,3529.44,7058.88
usa,linux,rtx a6000,N.RTXA6000.192,32,192,2.316680097,1470.588235,2.3167,USD,1,0,instances,gpu,atlanta,,2x RTX A6000,1,8823.53,17647.06
usa,linux,rtx6000 ada,N.RTX6000ADA.64,16,64,1.549279815,983.4558824,1.5493,USD,1,0,instances,gpu,atlanta,,1x RTX6000 Ada,1,5900.74,11801.47
usa,linux,rtx6000 ada,N.RTX6000ADA.128,24,128,1.621676068,1029.411765,1.6217,USD,1,0,instances,gpu,atlanta,,1x RTX6000 Ada,1,6176.47,12352.94
usa,linux,rtx6000 ada,N.RTX6000ADA.192,32,192,3.185435133,2022.058824,3.1856,USD,1,0,instances,gpu,atlanta,,2x RTX6000 Ada,1,12132.35,24264.71
usa,linux,l4,N.L4.32,8,32,0.738441781,468.75,0.7385,USD,1,0,instances,gpu,atlanta,,1x L4,1,2812.5,5625.0
usa,linux,l4,N.L4.64,16,64,0.796358783,505.5147059,0.7964,USD,1,0,instances,gpu,atlanta,,1x L4,1,3033.09,6066.18
usa,linux,l4,N.L4.96,24,96,1.534800564,974.2647059,1.5349,USD,1,0,instances,gpu,atlanta,,2x L4,1,5845.59,11691.18
usa,linux,l4,N.L4.128,32,128,1.592717566,1011.029412,1.5928,USD,1,0,instances,gpu,atlanta,,2x L4,1,6066.18,12132.35
usa,linux,l4,N.L4.192,48,192,3.069601128,1948.529412,3.0697,USD,1,0,instances,gpu,atlanta,,4x L4,1,11691.18,23382.35
usa,linux,l40s,N.L40S.64,16,64,1.259694803,799.6323529,1.2597,USD,1,0,instances,gpu,atlanta,,1x L40s,1,4797.79,9595.59
usa,linux,l40s,N.L40S.128,16,128,1.303132554,827.2058824,1.3032,USD,1,0,instances,gpu,atlanta,,1x L40s,1,4963.24,9926.47
usa,linux,l40s,N.L40S.256,32,256,2.519389605,1599.264706,2.5194,USD,1,0,instances,gpu,atlanta,,2x L40s,1,9595.59,19191.18
usa,linux,l40s,N.L40S.512,64,512,5.03877921,3198.529412,5.0388,USD,1,0,instances,gpu,atlanta,,4x L40s,1,19191.18,38382.35
usa,linux,hgx h100,N.HGXH100.250,26,250,5.791700242,3676.470588,5.7918,USD,1,0,instances,gpu,atlanta,,1x HGX H100,1,22058.82,44117.65
usa,linux,hgx h100,N.HGXH100.500,52,500,11.58340048,7352.941176,11.5836,USD,1,0,instances,gpu,atlanta,,2x HGX H100,1,44117.65,88235.29
usa,linux,hgx h100,N.HGXH100.1000,104,1000,23.16680097,14705.88235,23.1669,USD,1,0,instances,gpu,atlanta,,4x HGX H100,1,88235.29,176470.59
usa,linux,hgx h100,N.HGXH100.2000,208,2000,46.33360193,29411.76471,46.3337,USD,1,0,instances,gpu,atlanta,,8x HGX H100,1,176470.59,352941.18
usa,windows,a2,W.N.A2.32,8,32,0.386885576,245.5882353,0.0774,USD,1,1,instances,gpu,atlanta,5571af2d-bf14-437a-aba2-a7f29ea78127,1x A2,1,1473.53,2947.06
usa,windows,a2,W.N.A2.64,16,64,0.773771152,491.1764706,0.1548,USD,1,1,instances,gpu,atlanta,,2x A2,1,2947.06,5894.12
usa,windows,a30,W.N.A30.48,12,48,1.101581386,699.2647059,0.3636,USD,1,1,instances,gpu,atlanta,,1x A30,1,4195.59,8391.18
usa,windows,a30,W.N.A30.96,24,96,2.203162772,1398.529412,0.7271,USD,1,1,instances,gpu,atlanta,,2x A30,1,8391.18,16782.35
usa,windows,a100,W.N.A100.128,16,128,2.685032232,1704.411765,1.8796,USD,1,0,instances,gpu,atlanta,c6867349-8152-4176-98b1-90f2a54fdc58,1x A100,1,10226.47,20452.94
usa,windows,a100,W.N.A100.256,32,256,5.370064464,3408.823529,3.7591,USD,1,0,instances,gpu,atlanta,,2x A100,1,20452.94,40905.88
usa,windows,a100,W.N.A100.512,64,512,10.74012893,6817.647059,7.5181,USD,1,0,instances,gpu,atlanta,,4x A100,1,40905.88,81811.76
usa,windows,rtx a6000,W.N.RTXA6000.64,16,64,1.164710919,739.3382353,1.1648,USD,1,0,instances,gpu,atlanta,,1x RTX A6000,1,4436.03,8872.06
usa,windows,rtx a6000 ,W.N.RTXA6000.128,24,128,1.4,888.24,1.4,USD,1,0,instances,gpu,atlanta,,1x RTX A6000 ,1,5329.44,10658.88
usa,windows,rtx a6000,W.N.RTXA6000.192,32,192,2.474214343,1570.588235,2.4743,USD,1,0,instances,gpu,atlanta,,2x RTX A6000,1,9423.53,18847.06
usa,windows,rtx6000 ada,W.N.RTX6000ADA.64,16,64,1.628046938,1033.455882,1.6282,USD,1,0,instances,gpu,atlanta,,1x RTX6000 Ada,1,6200.74,12401.47
usa,windows,rtx6000 ada,W.N.RTX6000ADA.128,24,128,1.739826753,1104.411765,1.7399,USD,1,0,instances,gpu,atlanta,,1x RTX6000 Ada,1,6626.47,13252.94
usa,windows,rtx6000 ada,W.N.RTX6000ADA.192,32,192,3.34296938,2122.058824,3.343,USD,1,0,instances,gpu,atlanta,,2x RTX6000 Ada,1,12732.35,25464.71
usa,windows,l4,W.N.L4.32,8,32,0.777825342,493.75,0.7779,USD,1,0,instances,gpu,atlanta,,1x L4,1,2962.5,5925.0
usa,windows,l4,W.N.L4.64,16,64,0.875125907,555.5147059,0.8752,USD,1,0,instances,gpu,atlanta,,1x L4,1,3333.09,6666.18
usa,windows,l4,W.N.L4.96,24,96,1.652951249,1049.264706,1.653,USD,1,0,instances,gpu,atlanta,,2x L4,1,6295.59,12591.18
usa,windows,l4,W.N.L4.128,32,128,1.750251813,1111.029412,1.7503,USD,1,0,instances,gpu,atlanta,,2x L4,1,6666.18,13332.35
usa,windows,l4,W.N.L4.192,48,192,3.305902498,2098.529412,3.306,USD,1,0,instances,gpu,atlanta,,4x L4,1,12591.18,25182.35
usa,windows,l40s,W.N.L40S.64,16,64,1.338461926,849.6323529,1.3385,USD,1,0,instances,gpu,atlanta,,1x L40s,1,5097.79,10195.59
usa,windows,l40s,W.N.L40S.128,16,128,1.381899678,877.2058824,1.3819,USD,1,0,instances,gpu,atlanta,,1x L40s,1,5263.24,10526.47
usa,windows,l40s,W.N.L40S.256,32,256,2.676923852,1699.264706,2.677,USD,1,0,instances,gpu,atlanta,,2x L40s,1,10195.59,20391.18
usa,windows,l40s,W.N.L40S.512,64,512,5.353847703,3398.529412,5.3539,USD,1,0,instances,gpu,atlanta,,4x L40s,1,20391.18,40782.35
usa,windows,hgx h100,W.N.HGXH100.250,26,250,5.919696817,3757.720588,5.9197,USD,1,0,instances,gpu,atlanta,,1x HGX H100,1,22546.32,45092.65
usa,windows,hgx h100,W.N.HGXH100.500,52,500,11.83939363,7515.441176,11.8394,USD,1,0,instances,gpu,atlanta,,2x HGX H100,1,45092.65,90185.29
usa,windows,hgx h100,W.N.HGXH100.1000,104,1000,23.67878727,15030.88235,23.6788,USD,1,0,instances,gpu,atlanta,,4x HGX H100,1,90185.29,180370.59
usa,windows,hgx h100,W.N.HGXH100.2000,208,2000,47.35757454,30061.76471,47.3576,USD,1,0,instances,gpu,atlanta,,8x HGX H100,1,180370.59,360741.18
usa,linux,a2,N.A2.64,16,64,47.26027397,30000,9.4521,INR,1,1,instances,gpu,atlanta,,2x A2,1,180000.0,360000.0
usa,linux,a30,N.A30.48,12,48,70.89041096,45000,23.3939,INR,1,1,instances,gpu,atlanta,,1x A30,1,270000.0,540000.0
usa,linux,a30,N.A30.96,24,96,141.7808219,90000,46.7877,INR,1,1,instances,gpu,atlanta,,2x A30,1,540000.0,1080000.0
usa,linux,a100,N.A100.256,32,256,354.4520548,225000,248.1165,INR,1,0,instances,gpu,atlanta,,2x A100,1,1350000.0,2700000.0
usa,linux,a100,N.A100.512,64,512,708.9041096,450000,496.2329,INR,1,0,instances,gpu,atlanta,,4x A100,1,2700000.0,5400000.0
usa,linux,rtx6000 ada,N.RTX6000ADA.64,16,64,105.3510274,66875,105.3511,INR,1,0,instances,gpu,atlanta,,1x RTX6000 Ada,1,401250.0,802500.0
usa,linux,rtx6000 ada,N.RTX6000ADA.128,24,128,110.2739726,70000,110.274,INR,1,0,instances,gpu,atlanta,,1x RTX6000 Ada,1,420000.0,840000.0
usa,linux,rtx6000 ada,N.RTX6000ADA.192,32,192,216.609589,137500,216.6096,INR,1,0,instances,gpu,atlanta,,2x RTX6000 Ada,1,825000.0,1650000.0
usa,linux,l4,N.L4.32,8,32,50.2140411,31875,50.2141,INR,1,0,instances,gpu,atlanta,,1x L4,1,191250.0,382500.0
usa,linux,l4,N.L4.192,48,192,208.7328767,132500,208.7329,INR,1,0,instances,gpu,atlanta,,4x L4,1,795000.0,1590000.0
usa,linux,l40s,N.L40S.64,16,64,85.65924658,54375,85.6593,INR,1,0,instances,gpu,atlanta,,1x L40s,1,326250.0,652500.0
usa,linux,l40s,N.L40S.128,16,128,88.6130137,56250,88.6131,INR,1,0,instances,gpu,atlanta,,1x L40s,1,337500.0,675000.0
usa,linux,l40s,N.L40S.256,32,256,171.3184932,108750,171.3185,INR,1,0,instances,gpu,atlanta,,2x L40s,1,652500.0,1305000.0
usa,linux,l40s,N.L40S.512,64,512,342.6369863,217500,342.637,INR,1,0,instances,gpu,atlanta,,4x L40s,1,1305000.0,2610000.0
usa,linux,hgx h100,N.HGXH100.250,26,250,393.8356164,250000,393.8357,INR,1,0,instances,gpu,atlanta,,1x HGX H100,1,1500000.0,3000000.0
usa,linux,hgx h100,N.HGXH100.500,52,500,787.6712329,500000,787.6713,INR,1,0,instances,gpu,atlanta,,2x HGX H100,1,3000000.0,6000000.0
usa,linux,hgx h100,N.HGXH100.1000,104,1000,1575.342466,1000000,1575.3425,INR,1,0,instances,gpu,atlanta,,4x HGX H100,1,6000000.0,12000000.0
usa,linux,hgx h100,N.HGXH100.2000,208,2000,3150.684932,2000000,3150.685,INR,1,0,instances,gpu,atlanta,,8x HGX H100,1,12000000.0,24000000.0
usa,linux,rtx a6000,N.RTXA6000.128,24,128,1.158340048,735.2941176,1.1585,USD,1,0,instances,gpu,atlanta,,1x RTX A6000,1,4411.76,8823.53
usa,windows,a2,W.N.A2.64,16,64,52.61643836,33400,10.5234,INR,1,1,instances,gpu,atlanta,,2x A2,1,200400.0,400800.0
usa,windows,a30,W.N.A30.48,12,48,74.90753425,47550,24.7195,INR,1,1,instances,gpu,atlanta,,1x A30,1,285300.0,570600.0
usa,windows,a30,W.N.A30.96,24,96,149.8150685,95100,49.439,INR,1,1,instances,gpu,atlanta,,2x A30,1,570600.0,1141200.0
usa,windows,a100,W.N.A100.256,32,256,365.1643836,231800,255.6151,INR,1,0,instances,gpu,atlanta,,2x A100,1,1390800.0,2781600.0
usa,windows,a100,W.N.A100.512,64,512,730.3287671,463600,511.2302,INR,1,0,instances,gpu,atlanta,,4x A100,1,2781600.0,5563200.0
usa,windows,rtx6000 ada,W.N.RTX6000ADA.64,16,64,110.7071918,70275,110.7072,INR,1,0,instances,gpu,atlanta,,1x RTX6000 Ada,1,421650.0,843300.0
usa,windows,rtx6000 ada,W.N.RTX6000ADA.128,24,128,118.3082192,75100,118.3083,INR,1,0,instances,gpu,atlanta,,1x RTX6000 Ada,1,450600.0,901200.0
usa,windows,rtx6000 ada,W.N.RTX6000ADA.192,32,192,227.3219178,144300,227.322,INR,1,0,instances,gpu,atlanta,,2x RTX6000 Ada,1,865800.0,1731600.0
usa,windows,l4,W.N.L4.32,8,32,52.89212329,33575,52.8922,INR,1,0,instances,gpu,atlanta,,1x L4,1,201450.0,402900.0
usa,windows,l4,W.N.L4.192,48,192,224.8013699,142700,224.8014,INR,1,0,instances,gpu,atlanta,,4x L4,1,856200.0,1712400.0
usa,windows,l40s,W.N.L40S.64,16,64,91.01541096,57775,91.0155,INR,1,0,instances,gpu,atlanta,,1x L40s,1,346650.0,693300.0
usa,windows,l40s,W.N.L40S.128,16,128,93.96917808,59650,93.9692,INR,1,0,instances,gpu,atlanta,,1x L40s,1,357900.0,715800.0
usa,windows,l40s,W.N.L40S.256,32,256,182.0308219,115550,182.0309,INR,1,0,instances,gpu,atlanta,,2x L40s,1,693300.0,1386600.0
usa,windows,l40s,W.N.L40S.512,64,512,364.0616438,231100,364.0617,INR,1,0,instances,gpu,atlanta,,4x L40s,1,1386600.0,2773200.0
usa,windows,hgx h100,W.N.HGXH100.250,26,250,402.5393836,255525,402.5394,INR,1,0,instances,gpu,atlanta,,1x HGX H100,1,1533150.0,3066300.0
usa,windows,hgx h100,W.N.HGXH100.500,52,500,805.0787671,511050,805.0788,INR,1,0,instances,gpu,atlanta,,2x HGX H100,1,3066300.0,6132600.0
usa,windows,hgx h100,W.N.HGXH100.1000,104,1000,1610.157534,1022100,1610.1576,INR,1,0,instances,gpu,atlanta,,4x HGX H100,1,6132600.0,12265200.0
usa,windows,hgx h100,W.N.HGXH100.2000,208,2000,3220.315068,2044200,3220.3151,INR,1,0,instances,gpu,atlanta,,8x HGX H100,1,12265200.0,24530400.0
usa,windows,rtx a6000,W.N.RTXA6000.128,24,128,1.276490733,810.2941176,1.2765,USD,1,0,instances,gpu,atlanta,,1x RTX A6000,1,4861.76,9723.53
usa,linux,a30,N.A30.32,8,32,1.013547542,643.3823529,0.3345,USD,1,1,instances,gpu,atlanta,ef786937-4a70-494b-bb98-bbba7d02e071,1x A30,1,3860.29,7720.59
usa,linux,a30,N.A30.64,16,64,2.027095085,1286.764706,0.669,USD,1,1,instances,gpu,atlanta,ec640679-8d51-4457-a1c0-e0dd921f7961,2x A30,1,7720.59,15441.18
usa,linux,l40s,N.L40S.192,24,192,2.475951853,1571.691176,2.476,USD,1,0,instances,gpu,atlanta,,2x L40s,1,9430.15,18860.29
usa,windows,a30,W.N.A30.32,8,32,1.052931104,668.3823529,0.3475,USD,1,1,instances,gpu,atlanta,b0b0a1ef-ac7b-4da9-8270-6a638afe3d1a,1x A30,1,4010.29,8020.59
usa,windows,a30,W.N.A30.64,16,64,2.105862208,1336.764706,0.695,USD,1,1,instances,gpu,atlanta,39e2d9fd-8d6d-462f-8856-fa4524276dfe,2x A30,1,8020.59,16041.18
usa,windows,l40s,W.N.L40S.192,24,192,2.594102538,1646.691176,2.5942,USD,1,0,instances,gpu,atlanta,,2x L40s,1,9880.15,19760.29
india,windows,a100,W.N.A100.96,16,96,3.42,1563,2.394,USD,1,0,instances,gpu,mumbai,773b990d-6c7e-41e7-a40d-601bbbcc6373,1x A100-80GB,1,9378.0,18756.0
india,windows,a100,W.N.A100.128,16,128,2.148025786,1363.529412,1.5037,USD,1,0,instances,gpu,mumbai,d27ef842-d706-45a8-9f8c-03e68dd64ccd,1x A100,1,8181.18,16362.35
india,windows,a100,W.N.A100.192,32,192,6.85,3125,4.795,USD,1,0,instances,gpu,mumbai,,2x A100-80GB,1,18750.0,37500.0
india,windows,a30,W.N.A30.32,8,32,0.842344883,534.7058824,0.5897,USD,1,0,instances,gpu,mumbai,0179be42-1e87-4b23-b976-7f5cb1bd1ea8,1x A30,1,3208.24,6416.47
india,windows,a30,W.N.A30.64,16,64,1.684689766,1069.411765,1.1793,USD,1,0,instances,gpu,mumbai,00bfaed3-8cc1-4082-b8c4-bfc2570547cc,2x A30,1,6416.47,12832.94
india,windows,a2,W.N.A2.16,8,16,0.32,188,0.224,USD,1,0,instances,gpu,mumbai,a6d9f39d-e07b-4f1d-ac31-2bd211e09a47,1x A2-16GB,1,1128.0,2256.0
india,windows,a2,W.N.A2.32,8,32,0.309508461,196.4705882,0.2167,USD,1,0,instances,gpu,mumbai,cc467550-7e32-48b9-842e-65f176437737,1x A2,1,1178.82,2357.65
india,windows,rtx a6000,W.N.RTXA6000.64,16,64,0.931768735,591.4705882,0.6523,USD,1,0,instances,gpu,mumbai,,1x RTX A6000,1,3548.82,7097.65
india,windows,rtx a6000,W.N.RTXA6000.128,24,128,1.021192587,648.2352941,0.7149,USD,1,0,instances,gpu,mumbai,,1x RTX A6000,1,3889.41,7778.82
india,windows,rtx a6000,W.N.RTXA6000.192,32,192,1.979371475,1256.470588,1.3856,USD,1,0,instances,gpu,mumbai,,2x RTX A6000,1,7538.82,15077.65
india,windows,rtx6000 ada,W.N.RTX6000ADA.64,16,64,1.30243755,826.7647059,1.3025,USD,1,0,instances,gpu,mumbai,,1x RTX6000 Ada,1,4960.59,9921.18
india,windows,rtx6000 ada,W.N.RTX6000ADA.128,24,128,1.391861402,883.5294118,1.3919,USD,1,0,instances,gpu,mumbai,,1x RTX6000 Ada,1,5301.18,10602.35
india,windows,rtx8000,W.N.RTX8000.128,16,128,1.56,813,1.56,USD,1,0,instances,gpu,mumbai,,1x RTX8000 - 48 GB,1,4878.0,9756.0
india,windows,rtx8000,W.N.RTX8000.256,32,256,3.12,1625,3.12,USD,1,0,instances,gpu,mumbai,,2x RTX8000 - 48 GB,1,9750.0,19500.0
india,windows,rtx8000,W.N.RTX8000.512,64,512,6.23,3250,6.2301,USD,1,0,instances,gpu,mumbai,,4x RTX8000 - 48 GB,1,19500.0,39000.0
india,windows,rtx4090,W.N.RTX4090.32,4,32,0.84,438,0.84,USD,1,0,instances,gpu,mumbai,,1x RTX4090 - 24GB,1,2628.0,5256.0
india,windows,l4,W.N.L4.16,4,16,0.78,406,0.4134,USD,1,1,instances,gpu,mumbai,,1x L4 - 24 GB,1,2436.0,4872.0
india,windows,l4,W.N.L4.64,16,64,0.700100725,444.4117647,0.3711,USD,1,1,instances,gpu,mumbai,,1x L4,1,2666.47,5332.94
india,windows,l4,W.N.L4.96,24,96,1.322360999,839.4117647,0.7009,USD,1,1,instances,gpu,mumbai,,2x L4,1,5036.47,10072.94
india,windows,l4,W.N.L4.128,32,128,1.40020145,888.8235294,0.7422,USD,1,1,instances,gpu,mumbai,,2x L4,1,5332.94,10665.88
india,windows,l40s,W.N.L40S.48,16,48,3.34,1625,2.2712,USD,1,0,instances,gpu,mumbai,,1x L40s - 48 GB,1,9750.0,19500.0
india,windows,l40s,W.N.L40S.96,32,96,6.68,3250,4.5424,USD,1,0,instances,gpu,mumbai,,2x L40s - 48 GB,1,19500.0,39000.0
india,windows,l40s,W.N.L40S.192,24,192,2.075282031,1317.352941,1.4112,USD,1,0,instances,gpu,mumbai,,2x L40s,1,7904.12,15808.24
india,linux,a100,N.A100.96,16,96,3.29,1500,2.303,USD,1,0,instances,gpu,mumbai,8c180180-1ce0-4954-97d4-51033f374614,,1,9000.0,18000.0
india,linux,a100,N.A100.128,16,128,2.085012087,1323.529412,1.4596,USD,1,0,instances,gpu,mumbai,79c6b772-7896-4855-8385-e0e2c9ddf22e,1x A100,1,7941.18,15882.35
india,linux,a100,N.A100.192,32,192,6.58,3000,4.606,USD,1,0,instances,gpu,mumbai,,,1,18000.0,36000.0
india,linux,a30,N.A30.32,8,32,0.810838034,514.7058824,0.5676,USD,1,0,instances,gpu,mumbai,81e09f29-bd84-4df5-a0f7-3d13e671fb79,1x A30,1,3088.24,6176.47
india,linux,a30,N.A30.64,16,64,1.621676068,1029.411765,1.1352,USD,1,0,instances,gpu,mumbai,8bd37b70-846f-478c-8ce3-ebdfe84ac213,2x A30,1,6176.47,12352.94
india,linux,a2,N.A2.16,8,16,0.28,163,0.196,USD,1,0,instances,gpu,mumbai,0188b595-1877-4602-88a8-737d46b7684f,,1,978.0,1956.0
india,linux,a2,N.A2.32,8,32,0.278001612,176.4705882,0.1947,USD,1,0,instances,gpu,mumbai,137c7360-d586-4f69-9967-c9b2f37e0306,1x A2,1,1058.82,2117.65
india,linux,rtx a6000,N.RTXA6000.64,16,64,0.868755036,551.4705882,0.6082,USD,1,0,instances,gpu,mumbai,786d6982-1751-4d38-a677-7882ea60a5de,1x RTX A6000,1,3308.82,6617.65
india,linux,rtx a6000,N.RTXA6000.128,24,128,0.926672039,588.2352941,0.6487,USD,1,0,instances,gpu,mumbai,,1x RTX A6000,1,3529.41,7058.82
india,linux,rtx a6000,N.RTXA6000.192,32,192,1.853344077,1176.470588,1.2974,USD,1,0,instances,gpu,mumbai,,2x RTX A6000,1,7058.82,14117.65
india,linux,rtx6000 ada,N.RTX6000ADA.64,16,64,1.239423852,786.7647059,1.2395,USD,1,0,instances,gpu,mumbai,,1x RTX6000 Ada,1,4720.59,9441.18
india,linux,rtx6000 ada,N.RTX6000ADA.128,24,128,1.297340854,823.5294118,1.2974,USD,1,0,instances,gpu,mumbai,,1x RTX6000 Ada,1,4941.18,9882.35
india,linux,rtx8000,N.RTX8000.128,16,128,1.44,750,1.44,USD,1,0,instances,gpu,mumbai,,,1,4500.0,9000.0
india,linux,rtx8000,N.RTX8000.256,32,256,2.88,1500,2.88,USD,1,0,instances,gpu,mumbai,,,1,9000.0,18000.0
india,linux,rtx8000,N.RTX8000.512,64,512,5.75,3000,5.75,USD,1,0,instances,gpu,mumbai,,,1,18000.0,36000.0
india,linux,rtx4090,N.RTX4090.32,4,32,0.77,400,0.77,USD,1,0,instances,gpu,mumbai,,,1,2400.0,4800.0
india,linux,l4,N.L4.16,4,16,0.72,375,0.3816,USD,1,1,instances,gpu,mumbai,,,1,2250.0,4500.0
india,linux,l4,N.L4.64,16,64,0.637087027,404.4117647,0.3377,USD,1,1,instances,gpu,mumbai,,1x L4,1,2426.47,4852.94
india,linux,l4,N.L4.96,24,96,1.227840451,779.4117647,0.6508,USD,1,1,instances,gpu,mumbai,,2x L4,1,4676.47,9352.94
india,linux,l4,N.L4.128,32,128,1.274174053,808.8235294,0.6754,USD,1,1,instances,gpu,mumbai,,2x L4,1,4852.94,9705.88
india,linux,l40s,N.L40S.48,16,48,3.21,1563,2.1829,USD,1,0,instances,gpu,mumbai,,,1,9378.0,18756.0
india,linux,l40s,N.L40S.96,32,96,6.42,3125,4.3657,USD,1,0,instances,gpu,mumbai,,,1,18750.0,37500.0
india,linux,l40s,N.L40S.192,24,192,1.980761483,1257.352941,1.347,USD,1,0,instances,gpu,mumbai,,2x L40s,1,7544.12,15088.24
india,linux,a2,N.A2.32,8,32,18.90410959,12000,13.2329,INR,1,0,instances,gpu,mumbai,137c7360-d586-4f69-9967-c9b2f37e0306,1x A2,1,72000.0,144000.0
india,linux,a2,N.A2.64,16,64,37.80821918,24000,26.4658,INR,1,0,instances,gpu,mumbai,,2x A2,1,144000.0,288000.0
india,linux,a30,N.A30.48,12,48,56.71232877,36000,39.6987,INR,1,0,instances,gpu,mumbai,,1x A30,1,216000.0,432000.0
india,linux,a30,N.A30.96,24,96,113.4246575,72000,79.3973,INR,1,0,instances,gpu,mumbai,,2x A30,1,432000.0,864000.0
india,linux,a100,N.A100.128,16,128,141.7808219,90000,99.2466,INR,1,0,instances,gpu,mumbai,79c6b772-7896-4855-8385-e0e2c9ddf22e,1x A100,1,540000.0,1080000.0
india,linux,a100,N.A100.256,32,256,283.5616438,180000,198.4932,INR,1,0,instances,gpu,mumbai,,2x A100,1,1080000.0,2160000.0
india,linux,a100,N.A100.512,64,512,567.1232877,360000,396.9864,INR,1,0,instances,gpu,mumbai,,4x A100,1,2160000.0,4320000.0
india,linux,rtx a6000,N.RTXA6000.64,16,64,59.07534247,37500,41.3528,INR,1,0,instances,gpu,mumbai,786d6982-1751-4d38-a677-7882ea60a5de,1x RTX A6000,1,225000.0,450000.0
india,linux,rtx a6000 ,N.RTXA6000.128,24,128,63.01,40000,63.01,INR,1,0,instances,gpu,mumbai,,1x RTX A6000 ,1,240000.0,480000.0
india,linux,rtx a6000,N.RTXA6000.192,32,192,126.0273973,80000,88.2192,INR,1,0,instances,gpu,mumbai,,2x RTX A6000,1,480000.0,960000.0
india,linux,rtx6000 ada,N.RTX6000ADA.64,16,64,84.28082192,53500,84.2809,INR,1,0,instances,gpu,mumbai,,1x RTX6000 Ada,1,321000.0,642000.0
india,linux,rtx6000 ada,N.RTX6000ADA.128,24,128,88.21917808,56000,88.2192,INR,1,0,instances,gpu,mumbai,,1x RTX6000 Ada,1,336000.0,672000.0
india,linux,rtx6000 ada,N.RTX6000ADA.192,32,192,173.2876712,110000,173.2877,INR,1,0,instances,gpu,mumbai,,2x RTX6000 Ada,1,660000.0,1320000.0
india,linux,l4,N.L4.32,8,32,40.17123288,25500,21.2908,INR,1,1,instances,gpu,mumbai,,1x L4,1,153000.0,306000.0
india,linux,l4,N.L4.64,16,64,43.32191781,27500,22.9607,INR,1,1,instances,gpu,mumbai,,1x L4,1,165000.0,330000.0
india,linux,l4,N.L4.96,24,96,83.49315068,53000,44.2514,INR,1,1,instances,gpu,mumbai,,2x L4,1,318000.0,636000.0
india,linux,l4,N.L4.128,32,128,86.64383562,55000,45.9213,INR,1,1,instances,gpu,mumbai,,2x L4,1,330000.0,660000.0
india,linux,l4,N.L4.192,48,192,166.9863014,106000,88.5028,INR,1,1,instances,gpu,mumbai,,4x L4,1,636000.0,1272000.0
india,linux,l40s,N.L40S.64,16,64,68.52739726,43500,46.5987,INR,1,0,instances,gpu,mumbai,,1x L40s,1,261000.0,522000.0
india,linux,l40s,N.L40S.128,16,128,70.89041096,45000,48.2055,INR,1,0,instances,gpu,mumbai,,1x L40s,1,270000.0,540000.0
india,linux,l40s,N.L40S.256,32,256,137.0547945,87000,93.1973,INR,1,0,instances,gpu,mumbai,,2x L40s,1,522000.0,1044000.0
india,linux,l40s,N.L40S.512,64,512,274.109589,174000,186.3946,INR,1,0,instances,gpu,mumbai,,4x L40s,1,1044000.0,2088000.0
india,linux,hgx h100,N.HGXH100.250,26,250,315.0684932,200000,315.0685,INR,1,0,instances,gpu,mumbai,,1x HGX H100,1,1200000.0,2400000.0
india,linux,hgx h100,N.HGXH100.500,52,500,630.1369863,400000,630.137,INR,1,0,instances,gpu,mumbai,,2x HGX H100,1,2400000.0,4800000.0
india,linux,hgx h100,N.HGXH100.1000,104,1000,1260.273973,800000,1260.274,INR,1,0,instances,gpu,mumbai,,4x HGX H100,1,4800000.0,9600000.0
india,linux,hgx h100,N.HGXH100.2000,208,2000,2520.547945,1600000,2520.548,INR,1,0,instances,gpu,mumbai,,8x HGX H100,1,9600000.0,19200000.0
india,windows,a2,W.N.A2.32,8,32,21.04657534,13360,14.7327,INR,1,0,instances,gpu,mumbai,cc467550-7e32-48b9-842e-65f176437737,1x A2,1,80160.0,160320.0
india,windows,a2,W.N.A2.64,16,64,42.09315068,26720,29.4653,INR,1,0,instances,gpu,mumbai,,2x A2,1,160320.0,320640.0
india,windows,a30,W.N.A30.48,12,48,59.9260274,38040,41.9483,INR,1,0,instances,gpu,mumbai,,1x A30,1,228240.0,456480.0
india,windows,a30,W.N.A30.96,24,96,119.8520548,76080,83.8965,INR,1,0,instances,gpu,mumbai,,2x A30,1,456480.0,912960.0
india,windows,a100,W.N.A100.128,16,128,146.0657534,92720,102.2461,INR,1,0,instances,gpu,mumbai,d27ef842-d706-45a8-9f8c-03e68dd64ccd,1x A100,1,556320.0,1112640.0
india,windows,a100,W.N.A100.256,32,256,292.1315068,185440,204.4921,INR,1,0,instances,gpu,mumbai,,2x A100,1,1112640.0,2225280.0
india,windows,a100,W.N.A100.512,64,512,584.2630137,370880,408.9842,INR,1,0,instances,gpu,mumbai,,4x A100,1,2225280.0,4450560.0
india,windows,rtx a6000,W.N.RTXA6000.64,16,64,63.36027397,40220,44.3522,INR,1,0,instances,gpu,mumbai,,1x RTX A6000,1,241320.0,482640.0
india,windows,rtx a6000 ,W.N.RTXA6000.128,24,128,95.15,60400,95.15,INR,1,0,instances,gpu,mumbai,,1x RTX A6000 ,1,362400.0,724800.0
india,windows,rtx a6000,W.N.RTXA6000.192,32,192,134.5972603,85440,94.2181,INR,1,0,instances,gpu,mumbai,,2x RTX A6000,1,512640.0,1025280.0
india,windows,rtx6000 ada,W.N.RTX6000ADA.64,16,64,88.56575342,56220,88.5658,INR,1,0,instances,gpu,mumbai,,1x RTX6000 Ada,1,337320.0,674640.0
india,windows,rtx6000 ada,W.N.RTX6000ADA.128,24,128,94.64657534,60080,94.6466,INR,1,0,instances,gpu,mumbai,,1x RTX6000 Ada,1,360480.0,720960.0
india,windows,rtx6000 ada,W.N.RTX6000ADA.192,32,192,181.8575342,115440,181.8576,INR,1,0,instances,gpu,mumbai,,2x RTX6000 Ada,1,692640.0,1385280.0
india,windows,l4,W.N.L4.32,8,32,42.31369863,26860,22.4263,INR,1,1,instances,gpu,mumbai,,1x L4,1,161160.0,322320.0
india,windows,l4,W.N.L4.64,16,64,47.60684932,30220,25.2317,INR,1,1,instances,gpu,mumbai,,1x L4,1,181320.0,362640.0
india,windows,l4,W.N.L4.96,24,96,89.92054795,57080,47.6579,INR,1,1,instances,gpu,mumbai,,2x L4,1,342480.0,684960.0
india,windows,l4,W.N.L4.128,32,128,95.21369863,60440,50.4633,INR,1,1,instances,gpu,mumbai,,2x L4,1,362640.0,725280.0
india,windows,l4,W.N.L4.192,48,192,179.8410959,114160,95.3158,INR,1,1,instances,gpu,mumbai,,4x L4,1,684960.0,1369920.0
india,windows,l40s,W.N.L40S.64,16,64,72.81232877,46220,49.5124,INR,1,0,instances,gpu,mumbai,,1x L40s,1,277320.0,554640.0
india,windows,l40s,W.N.L40S.128,16,128,75.17534247,47720,51.1193,INR,1,0,instances,gpu,mumbai,,1x L40s,1,286320.0,572640.0
india,windows,l40s,W.N.L40S.256,32,256,145.6246575,92440,99.0248,INR,1,0,instances,gpu,mumbai,,2x L40s,1,554640.0,1109280.0
india,windows,l40s,W.N.L40S.512,64,512,291.2493151,184880,198.0496,INR,1,0,instances,gpu,mumbai,,4x L40s,1,1109280.0,2218560.0
india,windows,hgx h100,W.N.HGXH100.250,26,250,322.0315068,204420,322.0316,INR,1,0,instances,gpu,mumbai,,1x HGX H100,1,1226520.0,2453040.0
india,windows,hgx h100,W.N.HGXH100.500,52,500,644.0630137,408840,644.0631,INR,1,0,instances,gpu,mumbai,,2x HGX H100,1,2453040.0,4906080.0
india,windows,hgx h100,W.N.HGXH100.1000,104,1000,1288.126027,817680,1288.1261,INR,1,0,instances,gpu,mumbai,,4x HGX H100,1,4906080.0,9812160.0
india,windows,hgx h100,W.N.HGXH100.2000,208,2000,2576.252055,1635360,2576.2521,INR,1,0,instances,gpu,mumbai,,8x HGX H100,1,9812160.0,19624320.0
india,linux,rtx a6000,N.RTXA6000.128,24,128,63.01369863,40000,44.1096,INR,1,0,instances,gpu,mumbai,,1x RTX A6000,1,240000.0,480000.0
india,linux,a2,N.A2.64,16,64,0.556003223,352.9411765,0.3893,USD,1,0,instances,gpu,mumbai,,2x A2,1,2117.65,4235.29
india,linux,a30,N.A30.48,12,48,0.834004835,529.4117647,0.5839,USD,1,0,instances,gpu,mumbai,,1x A30,1,3176.47,6352.94
india,linux,a30,N.A30.96,24,96,1.66800967,1058.823529,1.1677,USD,1,0,instances,gpu,mumbai,,2x A30,1,6352.94,12705.88
india,linux,a100,N.A100.256,32,256,4.170024174,2647.058824,2.9191,USD,1,0,instances,gpu,mumbai,,2x A100,1,15882.35,31764.71
india,linux,a100,N.A100.512,64,512,8.340048348,5294.117647,5.8381,USD,1,0,instances,gpu,mumbai,,4x A100,1,31764.71,63529.41
india,linux,rtx6000 ada,N.RTX6000ADA.192,32,192,2.548348106,1617.647059,2.5484,USD,1,0,instances,gpu,mumbai,,2x RTX6000 Ada,1,9705.88,19411.76
india,linux,l4,N.L4.32,8,32,0.590753425,375,0.3131,USD,1,1,instances,gpu,mumbai,,1x L4,1,2250.0,4500.0
india,linux,l4,N.L4.192,48,192,2.455680902,1558.823529,1.3016,USD,1,1,instances,gpu,mumbai,,4x L4,1,9352.94,18705.88
india,linux,l40s,N.L40S.64,16,64,1.007755842,639.7058824,0.6853,USD,1,0,instances,gpu,mumbai,,1x L40s,1,3838.24,7676.47
india,linux,l40s,N.L40S.128,16,128,1.042506044,661.7647059,0.709,USD,1,0,instances,gpu,mumbai,,1x L40s,1,3970.59,7941.18
india,linux,l40s,N.L40S.256,32,256,2.015511684,1279.411765,1.3706,USD,1,0,instances,gpu,mumbai,,2x L40s,1,7676.47,15352.94
india,linux,l40s,N.L40S.512,64,512,4.031023368,2558.823529,2.7411,USD,1,0,instances,gpu,mumbai,,4x L40s,1,15352.94,30705.88
india,linux,hgx h100,N.HGXH100.250,26,250,4.633360193,2941.176471,4.6334,USD,1,0,instances,gpu,mumbai,,1x HGX H100,1,17647.06,35294.12
india,linux,hgx h100,N.HGXH100.500,52,500,9.266720387,5882.352941,9.2668,USD,1,0,instances,gpu,mumbai,,2x HGX H100,1,35294.12,70588.24
india,linux,hgx h100,N.HGXH100.1000,104,1000,18.53344077,11764.70588,18.5335,USD,1,0,instances,gpu,mumbai,,4x HGX H100,1,70588.24,141176.47
india,linux,hgx h100,N.HGXH100.2000,208,2000,37.06688155,23529.41176,37.0669,USD,1,0,instances,gpu,mumbai,,8x HGX H100,1,141176.47,282352.94
india,windows,rtx a6000,W.N.RTXA6000.128,24,128,69.44109589,44080,48.6088,INR,1,0,instances,gpu,mumbai,,1x RTX A6000,1,264480.0,528960.0
india,windows,a2,W.N.A2.64,16,64,0.619016922,392.9411765,0.4334,USD,1,0,instances,gpu,mumbai,,2x A2,1,2357.65,4715.29
india,windows,a30,W.N.A30.48,12,48,0.881265109,559.4117647,0.6169,USD,1,0,instances,gpu,mumbai,,1x A30,1,3356.47,6712.94
india,windows,a30,W.N.A30.96,24,96,1.762530218,1118.823529,1.2338,USD,1,0,instances,gpu,mumbai,,2x A30,1,6712.94,13425.88
india,windows,a100,W.N.A100.256,32,256,4.296051571,2727.058824,3.0073,USD,1,0,instances,gpu,mumbai,,2x A100,1,16362.35,32724.71
india,windows,a100,W.N.A100.512,64,512,8.592103143,5454.117647,6.0145,USD,1,0,instances,gpu,mumbai,,4x A100,1,32724.71,65449.41
india,windows,rtx6000 ada,W.N.RTX6000ADA.192,32,192,2.674375504,1697.647059,2.6744,USD,1,0,instances,gpu,mumbai,,2x RTX6000 Ada,1,10185.88,20371.76
india,windows,l4,W.N.L4.32,8,32,0.622260274,395,0.3298,USD,1,1,instances,gpu,mumbai,,1x L4,1,2370.0,4740.0
india,windows,l4,W.N.L4.192,48,192,2.644721998,1678.823529,1.4018,USD,1,1,instances,gpu,mumbai,,4x L4,1,10072.94,20145.88
india,windows,l40s,W.N.L40S.64,16,64,1.070769541,679.7058824,0.7282,USD,1,0,instances,gpu,mumbai,,1x L40s,1,4078.24,8156.47
india,windows,l40s,W.N.L40S.128,16,128,1.105519742,701.7647059,0.7518,USD,1,0,instances,gpu,mumbai,,1x L40s,1,4210.59,8421.18
india,windows,l40s,W.N.L40S.256,32,256,2.141539081,1359.411765,1.4563,USD,1,0,instances,gpu,mumbai,,2x L40s,1,8156.47,16312.94
india,windows,l40s,W.N.L40S.512,64,512,4.283078163,2718.823529,2.9125,USD,1,0,instances,gpu,mumbai,,4x L40s,1,16312.94,32625.88
india,windows,hgx h100,W.N.HGXH100.250,26,250,4.735757454,3006.176471,4.7358,USD,1,0,instances,gpu,mumbai,,1x HGX H100,1,18037.06,36074.12
india,windows,hgx h100,W.N.HGXH100.500,52,500,9.471514907,6012.352941,9.4716,USD,1,0,instances,gpu,mumbai,,2x HGX H100,1,36074.12,72148.24
india,windows,hgx h100,W.N.HGXH100.1000,104,1000,18.94302981,12024.70588,18.9431,USD,1,0,instances,gpu,mumbai,,4x HGX H100,1,72148.24,144296.47
india,windows,hgx h100,W.N.HGXH100.2000,208,2000,37.88605963,24049.41176,37.8861,USD,1,0,instances,gpu,mumbai,,8x HGX H100,1,144296.47,288592.94
india,linux,a30,N.A30.32,8,32,55.1369863,35000,38.5959,INR,1,0,instances,gpu,mumbai,81e09f29-bd84-4df5-a0f7-3d13e671fb79,1x A30,1,210000.0,420000.0
india,linux,a30,N.A30.64,16,64,110.2739726,70000,77.1918,INR,1,0,instances,gpu,mumbai,8bd37b70-846f-478c-8ce3-ebdfe84ac213,2x A30,1,420000.0,840000.0
india,linux,l40s,N.L40S.192,24,192,134.6917808,85500,91.5905,INR,1,0,instances,gpu,mumbai,,2x L40s,1,513000.0,1026000.0
india,windows,a30,W.N.A30.32,8,32,57.27945205,36360,40.0957,INR,1,0,instances,gpu,mumbai,0179be42-1e87-4b23-b976-7f5cb1bd1ea8,1x A30,1,218160.0,436320.0
india,windows,a30,W.N.A30.64,16,64,114.5589041,72720,80.1913,INR,1,0,instances,gpu,mumbai,00bfaed3-8cc1-4082-b8c4-bfc2570547cc,2x A30,1,436320.0,872640.0
india,windows,l40s,W.N.L40S.192,24,192,141.1191781,89580,95.9611,INR,1,0,instances,gpu,mumbai,,2x L40s,1,537480.0,1074960.0
india,windows,a100,W.N.A100.96,16,96,3.42,1563,3.42,USD,1,0,instances,gpu,noida,,1x A100-80GB,1,9378.0,18756.0
india,windows,a100,W.N.A100.128,16,128,2.148025786,1363.529412,2.1481,USD,1,0,instances,gpu,noida,,1x A100,1,8181.18,16362.35
india,windows,a100,W.N.A100.192,32,192,6.85,3125,6.85,USD,1,0,instances,gpu,noida,,2x A100-80GB,1,18750.0,37500.0
india,windows,a30,W.N.A30.32,8,32,0.842344883,534.7058824,0.8424,USD,1,0,instances,gpu,noida,,1x A30,1,3208.24,6416.47
india,windows,a30,W.N.A30.64,16,64,1.684689766,1069.411765,1.6847,USD,1,0,instances,gpu,noida,,2x A30,1,6416.47,12832.94
india,windows,a2,W.N.A2.16,8,16,0.32,188,0.2048,USD,1,1,instances,gpu,noida,5ffae319-2036-48bd-a1e2-886f0813742e,1x A2-16GB,1,1128.0,2256.0
india,windows,a2,W.N.A2.32,8,32,0.309508461,196.4705882,0.1981,USD,1,1,instances,gpu,noida,,1x A2,1,1178.82,2357.65
india,windows,rtx a6000,W.N.RTXA6000.64,16,64,0.931768735,591.4705882,0.6523,USD,1,0,instances,gpu,noida,,1x RTX A6000,1,3548.82,7097.65
india,windows,rtx a6000,W.N.RTXA6000.128,24,128,1.021192587,648.2352941,0.7149,USD,1,0,instances,gpu,noida,,1x RTX A6000,1,3889.41,7778.82
india,windows,rtx a6000,W.N.RTXA6000.192,32,192,1.979371475,1256.470588,1.3856,USD,1,0,instances,gpu,noida,,2x RTX A6000,1,7538.82,15077.65
india,windows,rtxada,W.N.RTX6000ADA.64,8,64,2.16,1125,2.16,USD,1,0,instances,gpu,noida,,1x RTX6000 Ada - 48GB,1,6750.0,13500.0
india,windows,rtxada,W.N.RTX6000ADA.128,16,128,2.4,1250,2.4,USD,1,0,instances,gpu,noida,,1x RTX6000 Ada - 48GB,1,7500.0,15000.0
india,windows,rtx8000,W.N.RTX8000.128,16,128,1.56,813,1.56,USD,1,0,instances,gpu,noida,,1x RTX8000 - 48 GB,1,4878.0,9756.0
india,windows,rtx8000,W.N.RTX8000.256,32,256,3.12,1625,3.12,USD,1,0,instances,gpu,noida,,2x RTX8000 - 48 GB,1,9750.0,19500.0
india,windows,rtx8000,W.N.RTX8000.512,64,512,6.23,3250,6.2301,USD,1,0,instances,gpu,noida,,4x RTX8000 - 48 GB,1,19500.0,39000.0
india,windows,rtx4090,W.N.RTX4090.32,4,32,0.84,438,0.84,USD,1,0,instances,gpu,noida,,1x RTX4090 - 24GB,1,2628.0,5256.0
india,windows,l4,W.N.L4.16,4,16,0.78,406,0.273,USD,1,1,instances,gpu,noida,,1x L4 - 24 GB,1,2436.0,4872.0
india,windows,l4,W.N.L4.64,16,64,0.700100725,444.4117647,0.2451,USD,1,1,instances,gpu,noida,,1x L4,1,2666.47,5332.94
india,windows,l4,W.N.L4.96,24,96,1.322360999,839.4117647,0.4629,USD,1,1,instances,gpu,noida,,2x L4,1,5036.47,10072.94
india,windows,l4,W.N.L4.128,32,128,1.40020145,888.8235294,0.4901,USD,1,1,instances,gpu,noida,,2x L4,1,5332.94,10665.88
india,windows,l40s,W.N.L40S.48,16,48,3.34,1625,1.7702,USD,1,1,instances,gpu,noida,,1x L40s - 48 GB,1,9750.0,19500.0
india,windows,l40s,W.N.L40S.96,32,96,6.68,3250,3.5404,USD,1,1,instances,gpu,noida,,2x L40s - 48 GB,1,19500.0,39000.0
india,windows,l40s,W.N.L40S.192,24,192,2.075282031,1317.352941,1.0999,USD,1,1,instances,gpu,noida,,2x L40s,1,7904.12,15808.24
india,linux,a100,N.A100.96,16,96,3.29,1500,3.29,USD,1,0,instances,gpu,noida,,,1,9000.0,18000.0
india,linux,a100,N.A100.128,16,128,2.085012087,1323.529412,2.0851,USD,1,0,instances,gpu,noida,,1x A100,1,7941.18,15882.35
india,linux,a100,N.A100.192,32,192,6.58,3000,6.58,USD,1,0,instances,gpu,noida,,,1,18000.0,36000.0
india,linux,a30,N.A30.32,8,32,0.810838034,514.7058824,0.8109,USD,1,0,instances,gpu,noida,,1x A30,1,3088.24,6176.47
india,linux,a30,N.A30.64,16,64,1.621676068,1029.411765,1.6217,USD,1,0,instances,gpu,noida,,2x A30,1,6176.47,12352.94
india,linux,a2,N.A2.16,8,16,0.28,163,0.1793,USD,1,1,instances,gpu,noida,,,1,978.0,1956.0
india,linux,a2,N.A2.32,8,32,0.278001612,176.4705882,0.178,USD,1,1,instances,gpu,noida,edf26d5a-939b-4d76-aabb-01066bb36b9c,1x A2,1,1058.82,2117.65
india,linux,rtx a6000,N.RTXA6000.64,16,64,0.868755036,551.4705882,0.6082,USD,1,0,instances,gpu,noida,,1x RTX A6000,1,3308.82,6617.65
india,linux,rtx a6000,N.RTXA6000.128,24,128,0.926672039,588.2352941,0.6487,USD,1,0,instances,gpu,noida,,1x RTX A6000,1,3529.41,7058.82
india,linux,rtx a6000,N.RTXA6000.192,32,192,1.853344077,1176.470588,1.2974,USD,1,0,instances,gpu,noida,,2x RTX A6000,1,7058.82,14117.65
india,linux,rtxada,N.RTX6000ADA.64,8,64,2.04,1063,2.04,USD,1,0,instances,gpu,noida,,,1,6378.0,12756.0
india,linux,rtxada,N.RTX6000ADA.128,16,128,2.28,1188,2.28,USD,1,0,instances,gpu,noida,,,1,7128.0,14256.0
india,linux,rtx8000,N.RTX8000.128,16,128,1.44,750,1.44,USD,1,0,instances,gpu,noida,,,1,4500.0,9000.0
india,linux,rtx8000,N.RTX8000.256,32,256,2.88,1500,2.88,USD,1,0,instances,gpu,noida,,,1,9000.0,18000.0
india,linux,rtx8000,N.RTX8000.512,64,512,5.75,3000,5.75,USD,1,0,instances,gpu,noida,,,1,18000.0,36000.0
india,linux,rtx4090,N.RTX4090.32,4,32,0.77,400,0.77,USD,1,0,instances,gpu,noida,,,1,2400.0,4800.0
india,linux,l4,N.L4.16,4,16,0.72,375,0.252,USD,1,1,instances,gpu,noida,,,1,2250.0,4500.0
india,linux,l4,N.L4.64,16,64,0.637087027,404.4117647,0.223,USD,1,1,instances,gpu,noida,,1x L4,1,2426.47,4852.94
india,linux,l4,N.L4.96,24,96,1.227840451,779.4117647,0.4298,USD,1,1,instances,gpu,noida,,2x L4,1,4676.47,9352.94
india,linux,l4,N.L4.128,32,128,1.274174053,808.8235294,0.446,USD,1,1,instances,gpu,noida,,2x L4,1,4852.94,9705.88
india,linux,l40s,N.L40S.48,16,48,3.21,1563,1.7013,USD,1,1,instances,gpu,noida,,,1,9378.0,18756.0
india,linux,l40s,N.L40S.96,32,96,6.42,3125,3.4026,USD,1,1,instances,gpu,noida,,,1,18750.0,37500.0
india,linux,l40s,N.L40S.192,24,192,1.980761483,1257.352941,1.0499,USD,1,1,instances,gpu,noida,,2x L40s,1,7544.12,15088.24
india,linux,a2,N.A2.32,8,32,18.90410959,12000,12.0987,INR,1,1,instances,gpu,noida,edf26d5a-939b-4d76-aabb-01066bb36b9c,1x A2,1,72000.0,144000.0
india,linux,a2,N.A2.64,16,64,37.80821918,24000,24.1973,INR,1,1,instances,gpu,noida,,2x A2,1,144000.0,288000.0
india,linux,a30,N.A30.48,12,48,56.71232877,36000,56.7124,INR,1,0,instances,gpu,noida,,1x A30,1,216000.0,432000.0
india,linux,a30,N.A30.96,24,96,113.4246575,72000,113.4247,INR,1,0,instances,gpu,noida,,2x A30,1,432000.0,864000.0
india,linux,a100,N.A100.128,16,128,141.7808219,90000,141.7809,INR,1,0,instances,gpu,noida,,1x A100,1,540000.0,1080000.0
india,linux,a100,N.A100.256,32,256,283.5616438,180000,283.5617,INR,1,0,instances,gpu,noida,,2x A100,1,1080000.0,2160000.0
india,linux,a100,N.A100.512,64,512,567.1232877,360000,567.1233,INR,1,0,instances,gpu,noida,,4x A100,1,2160000.0,4320000.0
india,linux,rtx a6000,N.RTXA6000.64,16,64,59.07534247,37500,41.3528,INR,1,0,instances,gpu,noida,,1x RTX A6000,1,225000.0,450000.0
india,linux,rtx a6000 ,N.RTXA6000.128,24,128,63.01,40000,63.01,INR,1,0,instances,gpu,noida,,1x RTX A6000 ,1,240000.0,480000.0
india,linux,rtx a6000,N.RTXA6000.192,32,192,126.0273973,80000,88.2192,INR,1,0,instances,gpu,noida,,2x RTX A6000,1,480000.0,960000.0
india,linux,rtx6000 ada,N.RTX6000ADA.64,16,64,84.28082192,53500,84.2809,INR,1,0,instances,gpu,noida,,1x RTX6000 Ada,1,321000.0,642000.0
india,linux,rtx6000 ada,N.RTX6000ADA.128,24,128,88.21917808,56000,88.2192,INR,1,0,instances,gpu,noida,,1x RTX6000 Ada,1,336000.0,672000.0
india,linux,rtx6000 ada,N.RTX6000ADA.192,32,192,173.2876712,110000,173.2877,INR,1,0,instances,gpu,noida,,2x RTX6000 Ada,1,660000.0,1320000.0
india,linux,l4,N.L4.32,8,32,40.17123288,25500,14.06,INR,1,1,instances,gpu,noida,,1x L4,1,153000.0,306000.0
india,linux,l4,N.L4.64,16,64,43.32191781,27500,15.1627,INR,1,1,instances,gpu,noida,,1x L4,1,165000.0,330000.0
india,linux,l4,N.L4.96,24,96,83.49315068,53000,29.2227,INR,1,1,instances,gpu,noida,,2x L4,1,318000.0,636000.0
india,linux,l4,N.L4.128,32,128,86.64383562,55000,30.3254,INR,1,1,instances,gpu,noida,,2x L4,1,330000.0,660000.0
india,linux,l4,N.L4.192,48,192,166.9863014,106000,58.4453,INR,1,1,instances,gpu,noida,,4x L4,1,636000.0,1272000.0
india,linux,l40s,N.L40S.64,16,64,68.52739726,43500,36.3196,INR,1,1,instances,gpu,noida,,1x L40s,1,261000.0,522000.0
india,linux,l40s,N.L40S.128,16,128,70.89041096,45000,37.572,INR,1,1,instances,gpu,noida,,1x L40s,1,270000.0,540000.0
india,linux,l40s,N.L40S.256,32,256,137.0547945,87000,72.6391,INR,1,1,instances,gpu,noida,,2x L40s,1,522000.0,1044000.0
india,linux,l40s,N.L40S.512,64,512,274.109589,174000,145.2781,INR,1,1,instances,gpu,noida,,4x L40s,1,1044000.0,2088000.0
india,linux,hgx h100,N.HGXH100.250,26,250,315.0684932,200000,315.0685,INR,1,0,instances,gpu,noida,,1x HGX H100,1,1200000.0,2400000.0
india,linux,hgx h100,N.HGXH100.500,52,500,630.1369863,400000,630.137,INR,1,0,instances,gpu,noida,,2x HGX H100,1,2400000.0,4800000.0
india,linux,hgx h100,N.HGXH100.1000,104,1000,1260.273973,800000,1260.274,INR,1,0,instances,gpu,noida,,4x HGX H100,1,4800000.0,9600000.0
india,linux,hgx h100,N.HGXH100.2000,208,2000,2520.547945,1600000,2520.548,INR,1,0,instances,gpu,noida,,8x HGX H100,1,9600000.0,19200000.0
india,windows,a2,W.N.A2.64,16,64,42.09315068,26720,26.9397,INR,1,1,instances,gpu,noida,,2x A2,1,160320.0,320640.0
india,windows,a30,W.N.A30.48,12,48,59.9260274,38040,59.9261,INR,1,0,instances,gpu,noida,,1x A30,1,228240.0,456480.0
india,windows,a30,W.N.A30.96,24,96,119.8520548,76080,119.8521,INR,1,0,instances,gpu,noida,,2x A30,1,456480.0,912960.0
india,windows,a100,W.N.A100.128,16,128,146.0657534,92720,146.0658,INR,1,0,instances,gpu,noida,,1x A100,1,556320.0,1112640.0
india,windows,a100,W.N.A100.256,32,256,292.1315068,185440,292.1316,INR,1,0,instances,gpu,noida,,2x A100,1,1112640.0,2225280.0
india,windows,a100,W.N.A100.512,64,512,584.2630137,370880,584.2631,INR,1,0,instances,gpu,noida,,4x A100,1,2225280.0,4450560.0
india,windows,rtx a6000,W.N.RTXA6000.64,16,64,63.36027397,40220,44.3522,INR,1,0,instances,gpu,noida,,1x RTX A6000,1,241320.0,482640.0
india,windows,rtx a6000 ,W.N.RTXA6000.128,24,128,95.15,60400,95.15,INR,1,0,instances,gpu,noida,,1x RTX A6000 ,1,362400.0,724800.0
india,windows,rtx a6000,W.N.RTXA6000.192,32,192,134.5972603,85440,94.2181,INR,1,0,instances,gpu,noida,,2x RTX A6000,1,512640.0,1025280.0
india,windows,rtx6000 ada,W.N.RTX6000ADA.64,16,64,88.56575342,56220,88.5658,INR,1,0,instances,gpu,noida,,1x RTX6000 Ada,1,337320.0,674640.0
india,windows,rtx6000 ada,W.N.RTX6000ADA.128,24,128,94.64657534,60080,94.6466,INR,1,0,instances,gpu,noida,,1x RTX6000 Ada,1,360480.0,720960.0
india,windows,rtx6000 ada,W.N.RTX6000ADA.192,32,192,181.8575342,115440,181.8576,INR,1,0,instances,gpu,noida,,2x RTX6000 Ada,1,692640.0,1385280.0
india,windows,l4,W.N.L4.32,8,32,42.31369863,26860,14.8098,INR,1,1,instances,gpu,noida,,1x L4,1,161160.0,322320.0
india,windows,l4,W.N.L4.64,16,64,47.60684932,30220,16.6624,INR,1,1,instances,gpu,noida,,1x L4,1,181320.0,362640.0
india,windows,l4,W.N.L4.96,24,96,89.92054795,57080,31.4722,INR,1,1,instances,gpu,noida,,2x L4,1,342480.0,684960.0
india,windows,l4,W.N.L4.128,32,128,95.21369863,60440,33.3248,INR,1,1,instances,gpu,noida,,2x L4,1,362640.0,725280.0
india,windows,l4,W.N.L4.192,48,192,179.8410959,114160,62.9444,INR,1,1,instances,gpu,noida,,4x L4,1,684960.0,1369920.0
india,windows,l40s,W.N.L40S.64,16,64,72.81232877,46220,38.5906,INR,1,1,instances,gpu,noida,,1x L40s,1,277320.0,554640.0
india,windows,l40s,W.N.L40S.128,16,128,75.17534247,47720,39.843,INR,1,1,instances,gpu,noida,,1x L40s,1,286320.0,572640.0
india,windows,l40s,W.N.L40S.256,32,256,145.6246575,92440,77.1811,INR,1,1,instances,gpu,noida,,2x L40s,1,554640.0,1109280.0
india,windows,l40s,W.N.L40S.512,64,512,291.2493151,184880,154.3622,INR,1,1,instances,gpu,noida,,4x L40s,1,1109280.0,2218560.0
india,windows,hgx h100,W.N.HGXH100.250,26,250,322.0315068,204420,322.0316,INR,1,0,instances,gpu,noida,,1x HGX H100,1,1226520.0,2453040.0
india,windows,hgx h100,W.N.HGXH100.500,52,500,644.0630137,408840,644.0631,INR,1,0,instances,gpu,noida,,2x HGX H100,1,2453040.0,4906080.0
india,windows,hgx h100,W.N.HGXH100.1000,104,1000,1288.126027,817680,1288.1261,INR,1,0,instances,gpu,noida,,4x HGX H100,1,4906080.0,9812160.0
india,windows,hgx h100,W.N.HGXH100.2000,208,2000,2576.252055,1635360,2576.2521,INR,1,0,instances,gpu,noida,,8x HGX H100,1,9812160.0,19624320.0
india,linux,rtx a6000,N.RTXA6000.128,24,128,63.01369863,40000,44.1096,INR,1,0,instances,gpu,noida,,1x RTX A6000,1,240000.0,480000.0
india,linux,a2,N.A2.64,16,64,0.556003223,352.9411765,0.3559,USD,1,1,instances,gpu,noida,,2x A2,1,2117.65,4235.29
india,linux,a30,N.A30.48,12,48,0.834004835,529.4117647,0.8341,USD,1,0,instances,gpu,noida,,1x A30,1,3176.47,6352.94
india,linux,a30,N.A30.96,24,96,1.66800967,1058.823529,1.6681,USD,1,0,instances,gpu,noida,,2x A30,1,6352.94,12705.88
india,linux,a100,N.A100.256,32,256,4.170024174,2647.058824,4.1701,USD,1,0,instances,gpu,noida,,2x A100,1,15882.35,31764.71
india,linux,a100,N.A100.512,64,512,8.340048348,5294.117647,8.3401,USD,1,0,instances,gpu,noida,,4x A100,1,31764.71,63529.41
india,linux,rtx6000 ada,N.RTX6000ADA.64,16,64,1.239423852,786.7647059,1.2395,USD,1,0,instances,gpu,noida,,1x RTX6000 Ada,1,4720.59,9441.18
india,linux,rtx6000 ada,N.RTX6000ADA.128,24,128,1.297340854,823.5294118,1.2974,USD,1,0,instances,gpu,noida,,1x RTX6000 Ada,1,4941.18,9882.35
india,linux,rtx6000 ada,N.RTX6000ADA.192,32,192,2.548348106,1617.647059,2.5484,USD,1,0,instances,gpu,noida,,2x RTX6000 Ada,1,9705.88,19411.76
india,linux,l4,N.L4.32,8,32,0.590753425,375,0.2068,USD,1,1,instances,gpu,noida,,1x L4,1,2250.0,4500.0
india,linux,l4,N.L4.192,48,192,2.455680902,1558.823529,0.8595,USD,1,1,instances,gpu,noida,,4x L4,1,9352.94,18705.88
india,linux,l40s,N.L40S.64,16,64,1.007755842,639.7058824,0.5342,USD,1,1,instances,gpu,noida,,1x L40s,1,3838.24,7676.47
india,linux,l40s,N.L40S.128,16,128,1.042506044,661.7647059,0.5526,USD,1,1,instances,gpu,noida,,1x L40s,1,3970.59,7941.18
india,linux,l40s,N.L40S.256,32,256,2.015511684,1279.411765,1.0683,USD,1,1,instances,gpu,noida,,2x L40s,1,7676.47,15352.94
india,linux,l40s,N.L40S.512,64,512,4.031023368,2558.823529,2.1365,USD,1,1,instances,gpu,noida,,4x L40s,1,15352.94,30705.88
india,linux,hgx h100,N.HGXH100.250,26,250,4.633360193,2941.176471,4.6334,USD,1,0,instances,gpu,noida,,1x HGX H100,1,17647.06,35294.12
india,linux,hgx h100,N.HGXH100.500,52,500,9.266720387,5882.352941,9.2668,USD,1,0,instances,gpu,noida,,2x HGX H100,1,35294.12,70588.24
india,linux,hgx h100,N.HGXH100.1000,104,1000,18.53344077,11764.70588,18.5335,USD,1,0,instances,gpu,noida,,4x HGX H100,1,70588.24,141176.47
india,linux,hgx h100,N.HGXH100.2000,208,2000,37.06688155,23529.41176,37.0669,USD,1,0,instances,gpu,noida,,8x HGX H100,1,141176.47,282352.94
india,windows,a2,W.N.A2.32,8,32,21.04657534,13360,13.4699,INR,1,1,instances,gpu,noida,,1x A2,1,80160.0,160320.0
india,windows,rtx a6000,W.N.RTXA6000.128,24,128,69.44109589,44080,48.6088,INR,1,0,instances,gpu,noida,,1x RTX A6000,1,264480.0,528960.0
india,windows,a2,W.N.A2.64,16,64,0.619016922,392.9411765,0.3962,USD,1,1,instances,gpu,noida,,2x A2,1,2357.65,4715.29
india,windows,a30,W.N.A30.48,12,48,0.881265109,559.4117647,0.8813,USD,1,0,instances,gpu,noida,,1x A30,1,3356.47,6712.94
india,windows,a30,W.N.A30.96,24,96,1.762530218,1118.823529,1.7626,USD,1,0,instances,gpu,noida,,2x A30,1,6712.94,13425.88
india,windows,a100,W.N.A100.256,32,256,4.296051571,2727.058824,4.2961,USD,1,0,instances,gpu,noida,,2x A100,1,16362.35,32724.71
india,windows,a100,W.N.A100.512,64,512,8.592103143,5454.117647,8.5922,USD,1,0,instances,gpu,noida,,4x A100,1,32724.71,65449.41
india,windows,rtx6000 ada,W.N.RTX6000ADA.64,16,64,1.30243755,826.7647059,1.3025,USD,1,0,instances,gpu,noida,,1x RTX6000 Ada,1,4960.59,9921.18
india,windows,rtx6000 ada,W.N.RTX6000ADA.128,24,128,1.391861402,883.5294118,1.3919,USD,1,0,instances,gpu,noida,,1x RTX6000 Ada,1,5301.18,10602.35
india,windows,rtx6000 ada,W.N.RTX6000ADA.192,32,192,2.674375504,1697.647059,2.6744,USD,1,0,instances,gpu,noida,,2x RTX6000 Ada,1,10185.88,20371.76
india,windows,l4,W.N.L4.32,8,32,0.622260274,395,0.2178,USD,1,1,instances,gpu,noida,,1x L4,1,2370.0,4740.0
india,windows,l4,W.N.L4.192,48,192,2.644721998,1678.823529,0.9257,USD,1,1,instances,gpu,noida,,4x L4,1,10072.94,20145.88
india,windows,l40s,W.N.L40S.64,16,64,1.070769541,679.7058824,0.5676,USD,1,1,instances,gpu,noida,,1x L40s,1,4078.24,8156.47
india,windows,l40s,W.N.L40S.128,16,128,1.105519742,701.7647059,0.586,USD,1,1,instances,gpu,noida,,1x L40s,1,4210.59,8421.18
india,windows,l40s,W.N.L40S.256,32,256,2.141539081,1359.411765,1.1351,USD,1,1,instances,gpu,noida,,2x L40s,1,8156.47,16312.94
india,windows,l40s,W.N.L40S.512,64,512,4.283078163,2718.823529,2.2701,USD,1,1,instances,gpu,noida,,4x L40s,1,16312.94,32625.88
india,windows,hgx h100,W.N.HGXH100.250,26,250,4.735757454,3006.176471,4.7358,USD,1,0,instances,gpu,noida,,1x HGX H100,1,18037.06,36074.12
india,windows,hgx h100,W.N.HGXH100.500,52,500,9.471514907,6012.352941,9.4716,USD,1,0,instances,gpu,noida,,2x HGX H100,1,36074.12,72148.24
india,windows,hgx h100,W.N.HGXH100.1000,104,1000,18.94302981,12024.70588,18.9431,USD,1,0,instances,gpu,noida,,4x HGX H100,1,72148.24,144296.47
india,windows,hgx h100,W.N.HGXH100.2000,208,2000,37.88605963,24049.41176,37.8861,USD,1,0,instances,gpu,noida,,8x HGX H100,1,144296.47,288592.94
india,linux,a30,N.A30.32,8,32,55.1369863,35000,55.137,INR,1,0,instances,gpu,noida,,1x A30,1,210000.0,420000.0
india,linux,a30,N.A30.64,16,64,110.2739726,70000,110.274,INR,1,0,instances,gpu,noida,,2x A30,1,420000.0,840000.0
india,linux,l40s,N.L40S.192,24,192,134.6917808,85500,71.3867,INR,1,1,instances,gpu,noida,,2x L40s,1,513000.0,1026000.0
india,windows,a30,W.N.A30.32,8,32,57.27945205,36360,57.2795,INR,1,0,instances,gpu,noida,,1x A30,1,218160.0,436320.0
india,windows,a30,W.N.A30.64,16,64,114.5589041,72720,114.559,INR,1,0,instances,gpu,noida,,2x A30,1,436320.0,872640.0
india,windows,l40s,W.N.L40S.192,24,192,141.1191781,89580,74.7932,INR,1,1,instances,gpu,noida,,2x L40s,1,537480.0,1074960.0
